zip code,city,state house district,county,state
08223,Ocean City,NJ66,Morris,NJ
08722,Bellwood,NJ66,Morris,NJ
08005,Barnegat,NJ66,Morris,NJ
08721,Bayville,NJ67,Bergen,NJ
08733,Bayville,NJ68,Bergen,NJ
08734,Lanoka Harbor,NJ68,Bergen,NJ
16801,State College,PA77,Centre,PA
16802,State College,PA77,Centre,PA
16803,State College,PA77,Centre,PA
16868,Pine Grove Mills,PA81,Centre,PA
16870,Port Matilda,PA81,Centre,PA
16827,Boalsburg,PA81,Blair,PA
16686,Tyrone,PA79,Blair,PA
16601,Altoona,PA79,Blair,PA
16602,Altoona,PA79,Blair,PA
16617,Bellwood,PA79,Blair,PA
03031,Amherst,NH1,Grafton,NH
03032,Auburn,NH2,Grafton,NH
03033,Brookline,NH2,Grafton,NH
03034,Candia,NH3,Grafton,NH
03036,Chester,NH3,Rockingham,NH
03037,Deerfield,NH3,Rockingham,NH
03038,Bellwood,NH4,Rockingham,NH
03040,East Candia,NH4,Strafford,NH
03041,East Derry,NH4,Strafford,NH
03042,Epping,NH4,Strafford,NH
03043,Francestown,NH5,Strafford,NH
03044,Fremont,NH5,Strafford,NH
03045,Goffstown,NH5,Sullivan,NH
03046,Dunbarton,NH5,Sullivan,NH
03047,Greenfield,NH5,Sullivan,NH
03048,Greenville,NH6,Sullivan,NH
03049,Hollis,NH6,Sullivan,NH
03051,Hudson,NH6,Sullivan,NH
75030,Rowlett,TX7,Harris,TX
75032,Rockwall,TX6,Harris,TX
75034,Frisco,TX6,Harris,TX
75035,Frisco,TX6,Harris,TX
75037,Irving,TX6,Harris,TX
75038,Irving,TX6,Harris,TX
75039,Irving,TX6,Bell,TX
75040,Garland,TX5,Bell,TX
75041,Garland,TX5,Bell,TX
75042,Garland,TX5,Bell,TX
75043,Garland,TX5,Bell,TX
75044,Garland,TX5,Ellis,TX
75045,Garland,TX4,Ellis,TX
75046,Garland,TX4,Ellis,TX
75047,Garland,TX4,Ellis,TX
75048,Sachse,TX4,Ellis,TX
75049,Bellwood,TX3,Ellis,TX
75050,Grand Prairie,TX3,Bexar,TX
75051,Grand Prairie,TX3,Bexar,TX
75052,Grand Prairie,TX2,Bexar,TX
75053,Grand Prairie,TX2,Bexar,TX
75054,Grand Prairie,TX1,Bexar,TX
90260,Lawndale,CA30,Orange,CA
90261,Lawndale,CA30,Orange,CA
90262,Lynwood,CA30,Orange,CA
90263,Malibu,CA31,Orange,CA
90264,Malibu,CA31,Nevada,CA
90265,Malibu,CA31,Nevada,CA
90266,Manhattan Beach,CA32,Nevada,CA
90267,Manhattan Beach,CA32,Nevada,CA
90270,Bellwood,CA32,Nevada,CA
90272,Pacific Palisades,CA33,Placer,CA
90274,Palos Verdes Peninsula,CA33,Placer,CA
90275,Rancho Palos Verdes,CA33,Placer,CA
90277,Redondo Beach,CA34,Placer,CA
90278,Redondo Beach,CA34,Placer,CA
90280,South Gate,CA34,Kern,CA
90290,Topanga,CA35,Kern,CA
90291,Venice,CA35,Kern,CA
90292,Marina Del Rey,CA35,Kern,CA
90293,Playa Del Rey,CA36,Kern,CA
90294,Venice,CA36,Kern,CA
90295,Marina Del Rey,CA36,Colusa,CA
90296,Playa Del Rey,CA37,Colusa,CA
90301,Inglewood,CA37,Colusa,CA
90302,Inglewood,CA37,Colusa,CA
90303,Inglewood,CA38,Colusa,CA
90304,Inglewood,CA38,Humbolt,CA
90305,Inglewood,CA38,Humbolt,CA
90306,Inglewood,CA38,Humbolt,CA
90307,Inglewood,CA39,Humbolt,CA
90308,Inglewood,CA39,Humbolt,CA